Idade,Peso,Horas de atividade,Batimentos cardiacos
44.24729475942593,53.59134323016296,3.39783580754074,82.3074249516507
81.42792970464446,172.56937505486226,33.14234376371556,179.04537673821739
50.80713032946719,74.58281705429499,8.64570426357375,103.5227955296594
55.778711821363885,90.49187782836441,12.622969457091106,114.23977887783184
53.79040014452018,84.12928046246456,11.032320115616141,107.18406265669769
67.91502690809789,129.3280861059132,22.332021526478304,142.6374694731926
78.98595533579544,164.7550570745454,31.18876426863635,173.544747170319
67.86084464694983,129.15470287023942,22.288675717559858,142.66018542155382
60.48429148598095,105.549732755139,16.387433188784758,122.84843774659834
71.54793527337193,140.95339287479018,25.238348218697553,153.65335776527454
62.214265113365364,111.0856483627692,17.771412090692294,130.49412914746412
60.037373181364835,104.11959418036743,16.029898545091857,124.5820258348966
73.38326101537525,146.8264352492008,26.706608812300207,157.24476701652344
56.723454722625846,93.51505511240272,13.378763778100682,113.7474266514903
77.41253717986547,159.7201189755695,29.930029743892373,168.91399892950875
68.93128771008409,132.5801206722691,23.14503016806727,146.16202919357167
73.48355477702927,147.14737528649368,26.78684382162342,158.3055642093006
78.16558435347602,162.12986993112327,30.532467482780813,167.7850630827381
67.09153823115561,126.69292233969801,21.673230584924504,142.09996003915717
52.95802368182951,81.46567578185444,10.366418945463607,105.77703302857188
63.12070123831646,113.98624396261265,18.49656099065316,128.3728820662203
59.44255027427576,102.21616087768244,15.554040219420605,123.66859281536095
69.7001617750704,135.0405176802253,23.760129420056323,147.00403296822182
61.84394636693431,109.9006283741898,17.47515709354745,128.84787087111462
75.8553152703938,154.73700886526012,28.68425221631503,159.86462491862582
75.10105218420921,152.32336698946943,28.080841747367355,162.69918053663304
61.90446263351137,110.09428042723637,17.523570106809096,124.8082654597807
60.82556418796703,106.64180540149452,16.660451350373627,125.17971588670156
65.87104341253337,122.78733892010678,20.69683473002669,134.76426926839557
67.64939990446118,128.4780796942758,22.11951992356895,142.950411285902
57.681681951913355,96.58138224612273,14.14534556153068,116.40530163016321
74.2997403714695,149.75916918870237,27.439792297175593,161.25167718718131
59.2089588864577,101.4686684366646,15.367167109166152,122.35981058460192
65.75825897973418,122.4264287351493,20.60660718378733,142.1901122012521
68.63870354012522,131.6438513284007,22.91096283210017,145.8191118605149
69.42872391582081,134.17191653062656,23.542979132656647,143.31325501071032
64.98989882943326,119.96767625418642,19.991919063546604,134.5798139017717
59.95606861482821,103.85941956745026,15.964854891862569,126.13714214841528
74.16590414140146,149.3308932524846,27.332723313121157,161.0015354046242
62.235864074766646,111.15476503925328,17.78869125981332,129.58870625484778
58.201314959009714,98.24420786883108,14.561051967207767,120.15059916902308
65.80363367096963,122.57162774710281,20.642906936775702,134.90555682890852
61.87001551510878,109.98404964834809,17.49601241208702,127.45985246969322
49.55872533828322,70.5879210825063,7.646980270626575,98.91890488358356
83.44243153532733,179.01578091304745,34.753945228261856,182.51687796794246
63.09093690402385,113.89099809287632,18.47274952321908,131.80163046148738
55.171745004313685,88.54958401380381,12.137396003450947,108.08668558801304
78.8898738178126,164.44759621700032,31.111899054250078,174.30282239316296
62.4642479784381,111.88559353100192,17.971398382750476,133.92276927853607
65.28339140213633,120.90685248683626,20.226713121709064,135.63510889498946
76.40963732270353,156.51083943265132,29.127709858162827,168.75373547506524
81.61583905629445,173.17068498014225,33.292671245035564,181.70502027980882
56.27733372760385,92.08746792833229,13.021866982083075,114.83935229103365
59.60406251249128,102.7330000399721,15.683250009993026,119.0988069596432
64.36650053614255,117.97280171565615,19.49320042891404,131.02369804539663
54.429279137960364,86.17369324147317,11.543423310368292,108.69976963868187
80.62602338695021,170.00327483824066,32.500818709560164,177.74749327030418
70.03339128415365,136.1068521092917,24.026713027322927,150.25161583145825
70.38175558747511,137.22161787992042,24.305404469980093,149.06291526167712
56.4184066891208,92.53890140518658,13.134725351296645,118.57462960042405
72.89464505143275,145.26286416458478,26.315716041146196,154.0073100831483
65.22323169534582,120.7143414251066,20.178585356276653,135.25508161972806
72.3203635059768,143.4251632191257,25.856290804781427,156.99573112827326
73.50708171863252,147.22266149962402,26.80566537490601,152.1631674494439
80.52790746073936,169.68930387436598,32.42232596859149,173.84155102754536
78.39869233601378,162.8758154752441,30.718953868811024,164.8006460787304
69.59467282189665,134.70295303006927,23.67573825751732,146.08144183502304
53.29555570018885,82.54577824060429,10.636444560151073,110.27325517647087
56.35238137345108,92.32762039504348,13.081905098760867,108.92933525165516
65.89665993454969,122.86931179055901,20.717327947639752,135.74493772751453
48.40718575219661,66.90299440702915,6.72574860175729,95.61840427600819
66.79355905967861,125.73938899097156,21.43484724774289,145.1273595046706
60.337039950690006,105.078527842208,16.269631960552,124.577982279653
72.21012304831409,143.07239375460512,25.768098438651275,152.14019004841802
68.65029549041702,131.68094556933448,22.920236392333614,145.297760149106
74.41764475775155,150.13646322480494,27.534115806201235,160.53027987694426
66.98902148496624,126.36486875189198,21.591217187972994,143.32666415953128
57.34131933518918,95.4922218726054,13.87305546815135,118.61701815818688
66.32541589571488,124.2413308662876,21.060332716571907,141.4936108657698
64.62285855267481,118.7931473685594,19.69828684213985,131.42639233792005
80.99119178100997,171.1718136992319,32.792953424807976,174.38079223257245
59.67661324275362,102.96516237681158,15.741290594202892,122.21234978495899
65.35911384881864,121.14916431621964,20.28729107905491,134.21626111391956
74.35884108270466,149.9482914646549,27.48707286616372,158.39562804654759
74.99410324538935,151.98113038524588,27.995282596311466,161.30844587393875
51.966483427209674,78.29274696707094,9.573186741767731,103.55459892828135
59.675914108565856,102.96292514741073,15.740731286852686,120.47870679589388
59.94200355079202,103.81441136253444,15.953602840633614,120.85732033264559
74.30270239103092,149.7686476512989,27.44216191282473,155.07791185184308
74.17751251458935,149.3680400466859,27.34201001167148,160.81724781533114
56.73617651178267,93.55576483770454,13.388941209426136,117.94272785561633
65.75153714119705,122.40491885183052,20.601229712957636,138.7639361907281
66.909001941825,126.10880621383996,21.527201553459992,141.07291593890727
69.92400328356014,135.75681050739246,23.93920262684811,147.015995270519
65.31081479184519,120.9946073339046,20.248651833476156,138.42852992551778
68.02875772448499,129.69202471835195,22.423006179587997,142.85349035314454
70.09507743874265,136.30424780397647,24.07606195099412,151.71408823951762
58.58085847854331,99.4587471313386,14.864686782834651,119.00020228072077
57.42861811611864,95.77157797157965,13.942894492894915,119.09371269476696
79.0525939095765,164.96830051064478,31.24207512766119,170.74585278539618
63.73393181653061,115.94858181289796,18.98714545322449,131.81243819491687
58.00188367582804,97.60602776264973,14.401506940662431,122.21143169339146
71.70420853340221,141.453467306887,25.363366826721748,152.92897501873355
52.70795031932632,80.66544102184426,10.166360255461061,111.550066195093
60.568364166098355,105.81876533151473,16.454691332878678,127.196331324958
82.4536672694947,175.85173526238304,33.962933815595754,182.58119006539204
70.01625279281973,136.05200893702317,24.01300223425579,149.11045122185453
69.73524793288314,135.15279338522606,23.788198346306515,152.14816580502
77.74586501270039,160.78676804064122,30.1966920101603,169.8938043263049
58.81765617875264,100.21649977200846,15.054124943002114,117.34389249668524
61.93719076930481,110.1990104617754,17.54975261544385,130.45439920985535
63.13832349209707,114.04263517471064,18.51065879367766,134.1334618035155
79.06210014183068,164.99872045385814,31.249680113464542,173.47202952839058
63.11086672306632,113.9547735138122,18.48869337845305,135.15917549961864
65.63519434334098,122.03262189869112,20.508155474672783,136.5124105327333
63.2381539052901,114.3620924969283,18.590523124232075,131.85854189126778
63.5727282176012,115.43273029632385,18.858182574080967,133.8355722263288
63.09405181461425,113.9009658067656,18.4752414516914,129.8207229815601
63.0553962727448,113.77726807278334,18.44431701819584,135.52613793323513
78.75995160873909,164.0318451479651,31.007961286991268,169.19544602515742
66.45378720193838,124.6521190462028,21.163029761550703,138.00392438977156
67.51350998038893,128.04323193724457,22.010807984311146,140.73109692301676
60.27468736152757,104.87899955688816,16.21974988922204,125.39799231316849
73.00725368833317,145.6232118026661,26.405802950666533,157.6153326933227
68.3202312718372,130.62474006987907,22.656185017469763,143.45402277962367
60.61609876365549,105.97151604369756,16.49287901092439,126.56457769555092
55.292899977562506,88.93727992820006,12.234319982050009,111.0022544655919
51.539688974244406,76.92700471758212,9.231751179395532,101.46728318116199
66.4101128562379,124.51236113996129,21.12809028499032,137.513429305425
67.32801781373796,127.44965700396149,21.862414250990373,143.17948605178347
66.71870963365946,125.49987082771028,21.374967706927567,138.09915262719858
72.83789026858824,145.08124885948234,26.270312214870586,152.2448353206068
78.30410204913309,162.57312655722586,30.64328163930647,170.16799482967008
69.6462899449613,134.86812782387616,23.717031955969038,148.5150036097607
54.393181366907164,86.05818037410292,11.514545093525731,110.28710575213032
54.16584515170472,85.33070448545509,11.332676121363775,108.84848681843869
65.45656687480263,121.46101399936843,20.365253499842108,138.55335452265683
56.934046736902474,94.18894955808793,13.54723738952198,117.68930646168164
74.41039349401095,150.11325918083503,27.528314795208765,162.93312744213242
76.04810145166988,155.35392464534357,28.838481161335892,163.04295675538825
70.24985435097416,136.79953392311734,24.199883480779327,151.74507567074306
59.317908663759155,101.81730772402928,15.454326931007323,120.27177236286249
64.72506724651738,119.12021518885565,19.78005379721391,139.26332749419043
70.01925635584183,136.06162033869384,24.01540508467346,150.18060499315564
70.6035925133266,137.93149604264505,24.482874010661263,149.7389890755981
78.04266173756892,161.73651756022053,30.434129390055126,167.66278915082444
80.71760625520069,170.29634001664215,32.57408500416054,173.22082719324678
56.1314291661036,91.62057333153153,12.905143332882881,115.23586795337609
56.03184093989855,91.30189100767537,12.82547275191884,115.41969144376507
66.80786546363646,125.78516948363662,21.44629237090916,135.5736659682279
58.10091690467549,97.92293409496156,14.480733523740387,119.41416084239144
79.26856063670661,165.65939403746114,31.414848509365285,172.72402125948432
59.11726135805071,101.17523634576227,15.293809086440573,123.92809833941004
51.36733157161753,76.3754610291761,9.093865257294024,100.30371659579434
76.78421295463593,157.709481454835,29.427370363708743,165.07880370040957
61.06180577470204,107.3977784790465,16.849444619761623,123.20591212684087
77.1304991192845,158.8175971817103,29.70439929542757,166.413061121672
85.69333975492205,186.21868721575046,36.55467180393763,183.17792453689296
74.3932157624323,150.0582904397833,27.514572609945837,157.4605260095783
65.38705934147993,121.23858989273577,20.309647473183944,137.33903891552006
62.762612535310275,112.8403601129929,18.210090028248228,130.09587960925853
73.1461602319097,146.06771274211104,26.516928185527764,153.6968048004334
48.97362559596258,68.71560190708026,7.178900476770064,97.77769460529714
58.899444920433005,100.47822374538565,15.119555936346412,119.492559745084
69.64560204279863,134.86592653695558,23.716481634238896,149.70267242449864
60.16573522939373,104.53035273405993,16.132588183514983,121.23032774144579
46.24880723333746,59.996183146679876,4.999045786669972,85.80472217826161
66.55369691845017,124.97183013904056,21.242957534760137,138.06454501569388
62.867888356868754,113.17724274198002,18.294310685495006,132.43795013028705
68.619550502077,131.58256160664644,22.89564040166161,144.26106160299895
70.2866015747987,136.91712503935582,24.22928125983895,150.78450487237504
57.095180375855215,94.70457720273671,13.676144300684175,115.673739091738
66.38552390110293,124.43367648352935,21.10841912088234,138.8572264203595
65.08961804635014,120.2867777483204,20.0716944370801,142.1524398337707
67.92783979283354,129.36908733706733,22.342271834266835,138.14920062378562
82.16181489445734,174.91780766226344,33.72945191556586,180.521324624035
79.32597843272256,165.8431309847122,31.46078274617805,170.36202117666915
74.3693377014743,149.9818806447177,27.495470161179433,159.8042933258226
79.52423648027988,166.47755673689562,31.619389184223905,169.21235046032731
62.25957510300853,111.23064032962729,17.807660082406823,130.44326092003678
43.33279595953898,50.66494707052475,2.6662367676311867,79.88848121898054
62.186814095765975,110.99780510645112,17.749451276612778,127.61347731477554
58.09084421492491,97.89070148775973,14.472675371939928,118.24756515427248
64.15645636071389,117.3006603542844,19.325165088571104,133.4008339252675
81.21106917191379,171.87542135012401,32.96885533753101,177.1331429695338
69.62024867435417,134.78479575793338,23.69619893948334,147.92228582755536
65.28861598182763,120.92357114184841,20.230892785462107,134.499186304729
66.309292199274,124.18973503767677,21.047433759419192,132.74745600464962
65.74002651818267,122.36808485818456,20.59202121454614,137.55371943949643
63.721527524064115,115.90888807700514,18.97722201925129,135.0030138155939
62.0921259618608,110.69480307795456,17.673700769488637,129.32203881787845
58.31909638136842,98.62110842037895,14.655277105094745,125.456554810562
55.674338446879126,90.15788303001322,12.539470757503304,111.83300778173431
56.26723272218764,92.05514471100044,13.013786177750108,115.96480477510734
55.010772977656565,88.034473528501,12.008618382125249,108.99819128555694
71.21751525127598,139.89604880408314,24.974012201020788,152.78266176330533
66.66126098424401,125.3160351495808,21.3290087873952,141.3659533219261
77.65851632655462,160.50725224497484,30.12681306124371,165.87197931690554
61.53502600526805,108.91208321685775,17.228020804214438,128.9426096340799
71.44659624983815,140.62910799948207,25.157276999870515,157.50783062807227
56.415014684707614,92.52804699106436,13.132011747766096,112.24395194565204
83.03608669508951,177.71547742428643,34.4288693560716,181.724590968222
90.0,200.0,40.0,200.0
77.31055402916115,159.39377289331566,29.848443223328925,165.9563503033075
63.548082071299135,115.35386262815722,18.838465657039304,130.52721690995753
52.33524811818789,79.47279397820125,9.868198494550313,104.478682205216
80.51567667080207,169.6501653465666,32.41254133664165,172.80810342915322
70.50680491268616,137.62177572059568,24.40544393014892,149.13899095150992
52.30890932120655,79.38850982786096,9.847127456965238,107.05779337564276
72.67016265181759,144.54452048581632,26.136130121454077,157.12761037367648
69.9061483149422,135.69967460781507,23.924918651953764,149.9022036890243
62.67268025488474,112.55257681563118,18.1381442039078,132.01335646656827
72.96307263573604,145.48183243435534,26.37045810858884,154.1752055419344
66.68425726753648,125.38962325611672,21.34740581402918,139.68042939422185
67.04621777313857,126.5478968740434,21.63697421851085,136.68688738477292
75.91907290323805,154.9410332903617,28.735258322590433,164.89569210899447
63.191044314715,114.21134180708799,18.552835451772,133.7603226539619
73.00273955997963,145.60876659193485,26.402191647983713,151.90698003197065
77.4142313096965,159.7255401910288,29.9313850477572,166.45001300306959
59.82076443595416,103.42644619505329,15.856611548763325,121.23037110266094
70.99884811210049,139.1963139587216,24.7990784896804,152.33195051178708
71.86429090710851,141.96573090274725,25.491432725686806,154.50758106824057
65.34600922631735,121.10722952421551,20.276807381053878,141.24610604207786
65.21729337024081,120.6953387847706,20.173834696192653,134.87094806929122
66.51755037103604,124.85616118731537,21.214040296828845,143.04725875528342
63.624542817939435,115.5985370174062,18.899634254351547,136.64894691640606
72.4627055157858,143.8806576505145,25.970164412628627,159.76428920833806
65.85090496164406,122.72289587726101,20.680723969315245,142.44805572860716
74.41189494455367,150.11806382257168,27.529515955642925,162.2065988805631
76.17542339305047,155.76135485776155,28.94033871444038,160.75984442003715
63.2210881117041,114.30748195745312,18.576870489363284,128.2456322616289
58.10158665851654,97.92507730725292,14.481269326813235,121.64373822965644
73.70442613026233,147.85416361683946,26.963540904209857,153.83112458683132
60.66111773004954,106.1155767361586,16.528894184039647,124.35502959556808
72.19087920777733,143.01081346488746,25.752703366221862,158.27477333892364
62.32658540545332,111.44507329745062,17.86126832436266,127.66029714192234
64.39046845117446,118.04949904375827,19.51237476093957,134.9204033555996
54.523838267254476,86.47628245521435,11.619070613803586,109.6546747732819
62.462058184734275,111.8785861911497,17.96964654778742,129.82610441056198
54.74364932703681,87.17967784651779,11.794919461629446,107.58334177548694
67.72068285697318,128.7061851423142,22.176546285578553,140.4249961482626
65.92693077664684,122.96617848526991,20.741544621317477,139.66833166941944
61.09921444387196,107.51748622039024,16.87937155509756,124.18183532904587
62.73568820098983,112.75420224316744,18.18855056079186,129.18476370196598
80.72057778146575,170.3058489006904,32.5764622251726,172.24297553636575
68.0735865288524,129.83547689232768,22.458869223081923,146.73804252709817
66.57747621004631,125.04792387214823,21.26198096803705,139.80068262045816
68.72504187487999,131.92013399961598,22.980033499904,143.74861742251238
69.07741998302609,133.0477439456835,23.261935986420873,146.56395365490263
58.37327966799465,98.79449493758287,14.69862373439572,118.24843915481796
75.71121092836385,154.2758749707643,28.568968742691087,159.95476330298175
64.46805345914728,118.29777106927128,19.574442767317823,135.41786748283192
77.53866847593635,160.1237391229963,30.030934780749078,168.8024691694166
65.2339529633125,120.74864948260004,20.187162370650007,139.55953986203522
69.27362615966753,133.6756037109361,23.418900927734022,146.05878124978233
64.89995584906006,119.6798587169922,19.91996467924805,141.03402371052417
71.29277047844903,140.1368655310369,25.034216382759233,145.9332303435829
75.67729917402276,154.16735735687288,28.54183933921821,160.2679511394511
69.69290498105585,135.0172959393787,23.75432398484467,143.2128419721122
66.50912569057871,124.82920220985186,21.207300552462964,143.41902399195655
64.4875300219966,118.36009607038912,19.590024017597283,131.27748633217772
50.782139162782116,74.5028453209028,8.625711330225696,102.7587488573335
68.46318609467879,131.08219550297218,22.77054887574305,144.69522727900596
73.12757055714276,146.0082257828569,26.50205644571422,153.2029326154626
76.4669208741801,156.6941467973763,29.173536699344076,164.56932358523272
67.93998249941258,129.40794399812023,22.351985999530054,144.75714995037072
58.4928221135781,99.17703076344989,14.794257690862475,117.5825516821764
59.0204608516851,100.8654747253923,15.216368681348085,120.05507419311091
59.39115876239675,102.05170803966958,15.512927009917385,119.48640665746515
60.16383120113653,104.52425984363687,16.13106496090922,122.8210761282688
70.4881659432121,137.5621310182787,24.390532754569684,150.0973197243183
69.82915311585423,135.45328997073352,23.863322492683377,148.22274100217751
74.07392309707366,149.03655391063563,27.25913847765891,154.36161326824302
60.3439230223908,105.10055367165056,16.27513841791264,130.381315658596
51.2288973235122,75.93247143523902,8.983117858809758,102.86632575566559
76.66600368032533,157.33121177704103,29.332802944260262,166.5620115723107
59.31559812274776,101.8099139927928,15.452478498198204,119.0263272492167
45.82685697160993,58.645942309151714,4.6614855772879285,86.1242876331641
54.88026638638935,87.61685243644592,11.904213109111481,113.55049507808441
60.758743748861825,106.42797999635785,16.606994999089462,124.53932775092545
76.9431038863442,158.21793243630145,29.55448310907537,168.20592208193375
62.4124346091473,111.71979074927135,17.92994768731784,131.2638067719015
58.837062752872846,100.27860080919314,15.069650202298286,119.80588483960352
65.24361821397049,120.77957828470558,20.194894571176395,138.03390539920505
70.74171769187086,138.37349661398673,24.593374153496686,152.34108065053033
75.40375064627949,153.2920020680944,28.3230005170236,156.19489618003354
70.37860041134749,137.21152131631192,24.30288032907798,155.107206695604
57.92723880480304,97.36716417536972,14.341791043842427,122.61413095596487
81.15808930389473,171.70588577246312,32.92647144311578,176.48687704129813
55.9959037364826,91.1868919567443,12.796722989186087,114.02603645407812
60.2962192780099,104.94790168963169,16.236975422407927,123.5411217443467
61.77783834184572,109.68908269390629,17.422270673476575,129.83907840419442
48.74566279662238,67.98612094919162,6.996530237297902,93.39227358686855
58.59411587234336,99.50117079149874,14.875292697874686,118.42536202311427
77.65916868813034,160.5093398020171,30.127334950504274,173.19999268269822
61.7462280503257,109.58792976104223,17.39698244026056,126.09169216795894
76.06275292571054,155.40080936227372,28.85020234056843,161.33740367803853
60.581174176078406,105.85975736345092,16.46493934086273,128.13383396322251
53.605367541766775,83.5371761336537,10.884294033413424,105.30184832641226
86.7598789266864,189.63161256539647,37.40790314134914,189.2359168964133
60.3954699869985,105.2655039583952,16.316375989598793,124.79812691505212
82.31937468638762,175.42199899644038,33.8554997491101,178.83290702103255
64.40275315047707,118.08881008152659,19.522202520381647,126.67350748277552
82.79637110185341,176.94838752593085,34.237096881482714,180.4581036768007
55.67067409628231,90.14615710810335,12.536539277025843,111.58962444388635
71.97422537113184,142.31752118762185,25.579380296905466,152.5419032520186
61.863976004473535,109.96472321431528,17.49118080357882,125.17025905557712
70.05776753396005,136.18485610867214,24.04621402716803,146.24646315199294
64.31889531652543,117.82046501288136,19.45511625322034,133.38627412639335
65.10627820807896,120.34009026585264,20.085022566463163,141.3690434266774
67.77484228530689,128.87949531298204,22.219873828245507,145.22934865759225
70.91427162499727,138.92566919999123,24.731417299997805,150.59673323363614
52.19485965423457,79.02355089355062,9.755887723387657,100.07894789805536
60.56318009725248,105.80217631120793,16.450544077801982,124.62963506768313
65.2350360861482,120.75211547567422,20.18802886891855,136.5998016600183
73.81554737168865,148.20975158940368,27.05243789735092,157.81952418712498
53.77666746867007,84.08533589974421,11.021333974936056,106.77515183827951
82.97447088388385,177.51830682842834,34.379576707107084,187.43145065222683
58.07471468309036,97.83908698588915,14.459771746472292,120.0488796429332
68.40961779638636,130.91077694843636,22.727694237109088,143.54050529148682
61.7428660159153,109.57717125092896,17.394292812732242,123.99496246094459
74.31432996657334,149.80585589303473,27.451463973258683,157.4266829701766
67.07384559994475,126.6363059198232,21.6590764799558,139.24880374200183
73.94798280636957,148.63354498038257,27.158386245095645,159.60654245050517
52.88187220305393,81.22199104977258,10.305497762443144,106.65648521330343
75.09671718854409,152.30949500334106,28.077373750835267,161.57859768653904
67.89508160780821,129.26426114498628,22.316065286246577,143.43504634183574
61.80613114700115,109.7796196704037,17.444904917600926,125.85116412592585
60.44340156519093,105.418885008611,16.354721252152753,122.52663305762523
58.371066312739295,98.78741220076576,14.696853050191441,115.51037392885944
54.901698303692996,87.68543457181757,11.921358642954395,114.2344576686618
57.80478724929829,96.97531919775456,14.243829799438643,113.26413585401505
67.34585278666856,127.5067289173394,21.876682229334847,140.39699945758466
64.40462409623693,118.09479710795824,19.523699276989557,132.3558188858623
76.15946898520271,155.7103007526486,28.92757518816215,165.52928604080228
59.19430419557007,101.4217734258242,15.355443356456053,120.51717320201618
61.647067915022625,109.27061732807236,17.31765433201809,127.27268049258967
68.70595636997564,131.85906038392204,22.96476509598051,142.80439958888977
51.75544974448392,77.61743918234853,9.404359795587133,104.46779986164222
42.3559588722496,47.53906839119871,1.8847670977996782,79.74775192821713
71.57783575606331,141.0490744194026,25.26226860485065,152.96198370985402
63.557469174576454,115.38390135864464,18.84597533966116,137.21842225061872
63.086666181466036,113.87733178069128,18.46933294517282,132.1122092317421
65.06411396140672,120.20516467650148,20.05129116912537,134.4109136646456
58.52275576587452,99.27281845079844,14.818204612699613,125.2528142532349
72.25841632767295,143.22693224855342,25.806733062138363,159.47074435267862
73.25005679978959,146.4001817593267,26.600045439831682,153.6214837969095
58.67154763421395,99.74895242948463,14.937238107371162,120.22013841127905
74.82268806237906,151.43260179961302,27.858150449903256,160.4129683801257
64.75753707938219,119.22411865402302,19.806029663505754,138.9871656848718
74.66438987545749,150.92604760146398,27.731511900365987,162.9802035998951
67.67046390115944,128.5454844837102,22.136371120927553,143.6567407396356
72.06487179536856,142.60758974517935,25.651897436294853,146.95655271962485
73.67206912731561,147.75062120740998,26.937655301852487,160.4888588316993
62.73880079568945,112.76416254620622,18.19104063655156,129.1815156984206
70.52447314958192,137.67831407866214,24.41957851966554,151.27456928240883
54.366205442059915,85.97185741459175,11.492964353647938,109.58793725085077
58.506095992226285,99.21950717512415,14.804876793781036,123.92351146061665
62.90304923555855,113.28975755378737,18.32243938844684,130.45759087920297
64.94625293336571,119.82800938677023,19.95700234669256,136.66796240564952
43.990582792002144,52.76986493440688,3.19246623360172,79.38559509778798
66.99652166526212,126.38886932883877,21.59721733220969,144.09517535534945
72.84856313465056,145.11540203088174,26.278850507720442,159.94490768532222
69.05095783441708,132.96306507013463,23.24076626753366,145.75027314625592
73.09634290992011,145.90829731174438,26.47707432793609,156.37201479881338
67.22669817482475,127.12543415943917,21.78135853985979,140.0786725687412
69.81822576101305,135.41832243524175,23.85458060881044,146.53060422645686
68.30877272681235,130.58807272579944,22.647018181449862,146.09915819081786
71.77554632328649,141.68174823451676,25.420437058629194,152.270546435473
66.49854318843933,124.79533820300587,21.19883455075147,138.3175755984285
56.766367050727304,93.65237456232737,13.413093640581836,107.59876323643348
56.092624939166896,91.49639980533408,12.87409995133352,112.12128436223914
78.86593052952566,164.37097769448212,31.09274442362053,172.50388074832466
83.0803284885543,177.85705116337377,34.464262790843435,178.6296325338473
63.99937087166069,116.7979867893142,19.199496697328552,135.07246710038766
62.91494387780006,113.3278204089602,18.331955102240048,134.23284229293395
68.34025965621426,130.68883089988563,22.672207724971408,143.92327533954992
74.57951046238992,150.65443347964776,27.663608369911927,162.90015846429714
56.29655747124303,92.1489839079777,13.037245976994418,114.4976701654718
64.91921060963713,119.74147395083885,19.93536848770971,137.95060025091828
62.83433276239133,113.06986483965224,18.26746620991306,125.95035694709385
61.707891281702345,109.4652521014475,17.366313025361872,123.05995785480421
62.18160545185352,110.98113744593124,17.74528436148281,126.14540603171851
63.24255665771046,114.37618130467342,18.59404532616836,134.2405012423833
58.793374834019744,100.1387994688632,15.034699867215798,121.93493561746826
70.11866867331847,136.3797397546191,24.09493493865477,151.9501584407467
65.87178150914086,122.78970082925072,20.697425207312683,138.64025946321624
59.34993854035531,101.919803329137,15.479950832284251,121.91318438445032
59.671253667289314,102.94801173532578,15.73700293383144,125.12922387550621
69.08208488643587,133.06267163659479,23.265667909148693,151.23307155052288
79.31104698016111,165.79535033651555,31.44883758412889,170.61981106496555
78.59438338690187,163.50202683808598,30.87550670952149,167.1573958499859
63.60847714729324,115.54712687133836,18.886781717834587,133.31711190887935
58.63512977982073,99.63241529542636,14.908103823856585,123.89032345114909
64.68537699641894,118.99320638854066,19.74830159713516,130.19908892757573
56.35115587627672,92.32369880408552,13.080924701021381,111.89956423781547
79.10277805564427,165.12888977806162,31.28222244451541,176.32450767050167
55.82611300211403,90.6435616067649,12.660890401691224,107.80822706711365
60.55023242863419,105.76074377162944,16.440185942907355,130.5924712533091
82.85312787917866,177.1300092133717,34.28250230334292,178.74523166274727
81.1852860290917,171.79291529309347,32.948228823273375,170.486575522947
75.9936633586779,155.17972274776932,28.79493068694233,163.25096589993564
57.725792451020496,96.72253584326559,14.180633960816396,118.13614818786895
73.3274345821487,146.6477906628758,26.661947665718962,158.8518099279207
64.44100589388354,118.21121886042731,19.552804715106827,136.06128432693657
69.26469931322922,133.6470378023335,23.41175945058337,146.20578271926837
86.07752510556652,187.44808033781285,36.86202008445321,188.37437390197215
71.31533909580531,140.209085106577,25.052271276644248,157.34275111248843
61.228794724087905,107.93214311708132,16.983035779270327,128.9164100824593
46.946337529393396,62.22828009405889,5.557070023514719,89.83640135617989
67.81399769791935,129.00479263334188,22.251198158335477,144.85273144777844
69.50115983785463,134.4037114811348,23.600927870283698,142.84640031968996
61.14340474879389,107.6588951961404,16.914723799035098,127.99663153917416
59.86547916590626,103.56953333090006,15.892383332725014,121.35691547605468
69.79084459816707,135.33070271413465,23.832675678533654,150.72857802587325
79.60371789921639,166.73189727749244,31.682974319373113,170.53120164452793
63.18620267597929,114.19584856313374,18.548962140783434,131.7127292847755
60.628009792189616,106.00963133500679,16.502407833751697,127.66514218340978
64.36837892241336,117.97881255172274,19.494703137930685,135.98748765308085
65.2842535679327,120.90961141738458,20.227402854346156,131.8155221451959
60.56857906776267,105.81945301684051,16.45486325421013,123.52569285772236
48.602357736551674,67.52754475696534,6.881886189241334,102.29273216259399
73.61445954512206,147.56627054439062,26.89156763609766,152.92846545540044
84.59820944549142,182.71427022557253,35.67856755639313,187.4033050908461
55.68088976194919,90.17884723823738,12.544711809559347,112.5086634523999
63.85419932314206,116.33343783405458,19.083359458513645,130.87832097941092
68.3549382649542,130.73580244785344,22.683950611963358,147.1849362845066
56.62429315029278,93.19773808093686,13.299434520234213,118.94016368069984
63.96181710252795,116.67781472808944,19.16945368202236,134.3173897367929
68.29839678791343,130.55486972132294,22.638717430330743,144.1500804945432
59.33207197842597,101.86263033096311,15.465657582740779,121.20885251019644
62.92221575360243,113.35109041152779,18.337772602881945,132.3343549373598
52.96483089461452,81.48745886276646,10.371864715691613,105.9683931212185
57.747248015531426,96.7911936497005,14.197798412425131,112.54227896732746
72.93113958046445,145.37964665748618,26.34491166437155,153.1291052300095
58.73522170156529,99.9527094450089,14.988177361252225,117.1941762458367
67.47556310579631,127.92180193854817,21.980450484637046,145.8912273405989
69.53127694731701,134.50008623141446,23.625021557853607,149.8909983795521
62.196879508759785,111.0300144280313,17.757503607007827,124.07046823644491
82.68546698125175,176.5934943400056,34.148373585001394,183.48036866468675
73.29938947263047,146.5580463124175,26.639511578104372,157.40800802959927
68.17804445139618,130.16974224446773,22.54243556111693,145.39494707661663
72.47362629377324,143.91560414007438,25.97890103501859,151.97790433596683
54.76127758863238,87.23608828362362,11.809022070905902,112.02156846333908
71.47866714440222,140.73173486208708,25.18293371552177,153.3922013928645
51.932165015322894,78.18292804903328,9.54573201225832,102.79564534427091
65.78224703099048,122.50319049916952,20.625797624792387,140.40805251211503
69.5004381256254,134.40140200200122,23.60035050050031,149.73986315464066
61.98625421283997,110.35601348108791,17.589003370271975,131.108748543297
88.57953166586813,195.45450133077802,38.86362533269449,195.79809319892175
59.27909114850325,101.69309167521038,15.423272918802596,121.34196736388563
86.73921382978673,189.5654842553176,37.39137106382939,191.065142779666
69.72481460469932,135.11940673503784,23.77985168375945,146.92191886303664
66.33401876768379,124.26886005658811,21.067215014147028,137.29707299351853
73.77811604049995,148.08997132959985,27.02249283239996,160.19105189334596
75.93816461192246,155.00212675815183,28.750531689537958,165.69404828915162
55.35677605820008,89.14168338624027,12.285420846560063,112.35448506102809
60.77186910566672,106.46998113813349,16.61749528453337,129.19408459463264
64.18587727876225,117.3948072920392,19.3487018230098,135.09543768486978
63.67025271111318,115.74480867556215,18.93620216889055,131.49021837217555
60.52076065783594,105.66643410507498,16.416608526268746,127.37998787764064
68.8400310805667,132.2880994578135,23.072024864453365,147.15256746225262
68.5992632842217,131.5176425095095,22.87941062737736,144.75361778335702
56.60349443249963,93.13118218399882,13.282795545999706,110.47666099047508
79.10627018777464,165.14006460087882,31.285016150219704,170.02443861836753
71.0217135045103,139.26948321443294,24.817370803608235,150.5503774562053
75.3164764029498,153.01272448943942,28.25318112235985,167.3361505495986
77.44716782201266,159.8309370304405,29.95773425761013,164.50228167137269
62.2422521293989,111.17520681407647,17.79380170351912,128.69623735522637
66.41638139354215,124.53242045933487,21.133105114833718,139.25814246313234
68.00341610682071,129.61093154182623,22.402732885456558,140.65568013419687
63.592956186643704,115.49745979725985,18.874364949314963,138.05435067224548
64.9984020206212,119.99488646598786,19.998721616496965,135.99034679393415
70.79139971428245,138.53247908570387,24.633119771425967,153.2989310245349
60.34884190214863,105.1162940868756,16.279073521718907,125.55807007890104
45.87347732982907,58.795127455453034,4.698781863863258,90.44111546924007
59.40424082977198,102.09357065527031,15.52339266381758,122.12422265298521
66.7508286764882,125.60265176476223,21.400662941190557,140.8976489580804
63.04228658573994,113.73531707436779,18.433829268591953,133.01175047684242
75.52098578433784,153.66715450988113,28.416788627470282,163.47292404715049
70.48734776250646,137.55951284002066,24.389878210005165,150.74018416113972
63.046261804598764,113.74803777471605,18.43700944367901,129.6002113351693
71.61980590696136,141.1833789022764,25.29584472556909,160.28261796476573
51.69506033367801,77.42419306776961,9.356048266942404,102.41443037565529
68.8035680294158,132.17141769413053,23.042854423532628,146.67228556280546
73.66411419368198,147.72516541978234,26.93129135494559,155.08913394010153
68.6833500654019,131.7867202092861,22.94668005232152,151.2644777216206
62.969566214344304,113.50261188590174,18.375652971475443,129.0773684660277
68.60860198547167,131.54752635350934,22.886881588377328,142.43919808323167
69.77127419747342,135.26807743191495,23.81701935797873,145.3261520413971
83.58112829054252,179.45961052973598,34.864902632434,176.43419288978995
58.561955487119725,99.39825755878313,14.849564389695782,120.0022818663378
62.94478034768158,113.42329711258104,18.355824278145267,125.55658754789756
61.59169071407915,109.09341028505324,17.273352571263313,127.59071081469592
61.19294312878638,107.81741801211642,16.954354503029098,123.68740366064104
71.45692645960081,140.66216467072258,25.16554116768065,152.8537136648366
70.71384716408166,138.28431092506128,24.571077731265326,154.6668373871197
73.31091195258145,146.59491824826063,26.648729562065157,159.56626935919198
56.174749370732854,91.75919798634516,12.939799496586287,116.82205822582482
68.89049486549244,132.4495835695758,23.112395892393952,146.91258873624832
67.45755941533504,127.8641901290721,21.966047532268025,148.12927141540166
69.29658014373477,133.74905645995122,23.437264114987816,146.6154271630947
61.62495635389011,109.19986033244837,17.299965083112088,125.98473831700944
40.0,40.0,0.0,70.0
67.95146219428749,129.44467902171994,22.361169755429984,141.0116569144174
66.68236523813222,125.38356876202309,21.345892190505776,143.817464535179
65.49490329465753,121.58369054290407,20.395922635726016,141.75508486262504
60.14157346434994,104.4530350859198,16.113258771479952,128.46924372348587
61.460978504920085,108.67513121574427,17.168782803936065,129.83381767012094
59.41139526232341,102.11646483943493,15.529116209858731,124.0692340855427
61.15309778341522,107.68991290692871,16.922478226732174,127.48595761547064
72.17606061266831,142.9633939605386,25.74084849013465,152.0399109977079
52.930604009880234,81.37793283161676,10.344483207904187,106.75369476201277
66.32411793514251,124.23717739245606,21.05929434811401,139.20925370863978
53.00404654876677,81.61294895605366,10.403237239013416,107.37917241797363
73.67996285539492,147.77588113726375,26.94397028431593,154.55052899053038
75.62909391179944,154.01310051775832,28.50327512943957,161.12812877813386
46.52418614868991,60.877395675807705,5.219348918951925,88.0325049794575
47.08586824636371,62.67477838836388,5.668694597090969,91.15128585075004
74.24037051316903,149.5691856421409,27.392296410535216,162.07988069407568
67.76307134472881,128.84182830313216,22.210457075783047,143.64798173154006
70.52996682306542,137.69589383380935,24.423973458452334,153.49791587390825
50.47629857441089,73.52415543811482,8.381038859528706,98.45244202218218
58.22398776766079,98.3167608565145,14.579190214128628,124.00062172205921
62.85552401775188,113.137676856806,18.284419214201492,128.76810993523551
58.32864487332088,98.65166359462678,14.6629158986567,124.32617968444202
85.40598612925235,185.2991556136075,36.32478890340187,191.90789423092772
75.52957612722702,153.6946436071264,28.423660901781613,161.55687220091903
44.19394145252725,53.420612648087165,3.355153162021792,83.76075011027238
62.77463571337634,112.87883428280426,18.219708570701066,130.36263407089032
69.37408819071915,133.9970822103013,23.499270552575325,149.39072348923392
75.95502916300075,155.0560933216024,28.76402333040059,163.55477653318297
56.51995804280215,92.86386573696686,13.215966434241713,109.25163846309331
72.21852879522412,143.0992921447171,25.77482303617929,148.66875400026768
68.53496657653476,131.31189304491122,22.827973261227804,141.11517161063298
74.03831676582536,148.92261365064115,27.23065341266029,160.41479420877715
66.28056725163619,124.0978152052358,21.024453801308947,140.6094375739745
66.62908059041739,125.21305788933572,21.303264472333925,137.4318168253577
75.03518149601254,152.11258078724012,28.02814519681003,164.47269245887466
55.218176773022385,88.69816567367161,12.174541418417899,111.0430301465362
66.03325211617519,123.30640677176059,20.826601692940148,138.70071367536482
52.60188716726328,80.3260389352425,10.081509733810623,103.29701006030498
69.33122494690468,133.85991983009495,23.464979957523738,142.7151173226543
53.709222997862774,83.8695135931609,10.967378398290226,110.33062812741123
62.75524583866441,112.81678668372611,18.204196670931523,130.1912543997851
66.34033247020713,124.2890639046628,21.072265976165703,141.77989122603447
65.59072439362042,121.89031805958537,20.472579514896342,137.56716113042637
85.67107247210274,186.14743191072876,36.53685797768218,185.6619532518584
61.65651485597585,109.30084753912271,17.32521188478068,129.93020297397928
64.15058228757421,117.28186332023752,19.320465830059387,134.8839769845507
62.26702336499233,111.25447476797542,17.813618691993856,128.12544807165665
70.72266864547832,138.31253966553058,24.57813491638264,150.82542866618644
67.58290072301777,128.26528231365685,22.06632057841421,146.12422021671983
55.05001191819825,88.16003813823441,12.0400095345586,115.2019350059676
60.792697082917506,106.53663066533606,16.634157666334012,121.22423221643984
55.74545792663555,90.38546536523377,12.596366341308439,112.58885758946036
67.07664296062447,126.64525747399829,21.66131436849957,140.61555184075183
62.81347063975423,113.00310604721355,18.250776511803387,129.88901345485246
66.7424823304343,125.57594345738971,21.393985864347428,137.79087189510915
72.99545073164775,145.58544234127282,26.3963605853182,157.37466170066799
77.44356642650726,159.81941256482318,29.954853141205806,163.18243861322085
63.430147653736974,114.97647249195835,18.744118122989587,131.7109190082437
66.43272567796618,124.58472216949177,21.146180542372946,136.0596279603658
58.157466959260475,98.10389426963353,14.525973567408382,118.81655015650485
64.17332497233188,117.35463991146204,19.338659977865507,138.2635089875049
78.07689704336245,161.8460705387598,30.46151763468996,173.51899541844853
81.34984689450513,172.31951006241638,33.079877515604096,173.74259775549785
53.255922332829655,82.4189514650549,10.604737866263727,106.23755500204213
51.11233208453603,75.55946267051527,8.889865667628818,101.675104280346
54.03184441968739,84.90190214299959,11.2254755357499,107.16692497069052
53.970223559183985,84.70471538938877,11.176178847347193,106.37692405796531
67.62098212623475,128.3871428039512,22.0967857009878,143.14291070254774
79.46707048893924,166.2946255646056,31.5736563911514,173.07916244006532
59.231741254762646,101.54157201524048,15.385393003810119,118.35324924466806
70.1744876937247,136.55836061991906,24.139590154979764,149.20209892114926
62.865617432145775,113.1699757828665,18.292493945716625,126.53677071690396
57.92728694474987,97.36731822319959,14.341829555799894,122.00268229846137
64.34418153509212,117.90138091229477,19.47534522807369,135.62355689097944
56.03878220656334,91.32410306100269,12.831025765250669,115.75606108178076
49.175324456197885,69.36103825983321,7.340259564958303,98.88831403527729
58.58890696720304,99.48450229504977,14.871125573762438,122.82420707365914
68.25739054030811,130.42364972898594,22.605912432246484,144.60986119637832
57.56362023721829,96.2035847590985,14.05089618977463,114.37194711341148
64.93141641184823,119.78053251791435,19.945133129478585,135.90900656781247
73.30936363562606,146.5899636340034,26.647490908500856,159.17633070744884
71.74813318084136,141.5940261786924,25.39850654467309,151.75743178304725
55.80915200813158,90.58928642602105,12.647321606505264,112.79822650441623
69.69712777417503,135.03080887736004,23.75770221934001,148.9603006053186
70.10814105330743,136.34605137058378,24.08651284264594,150.067736967179
63.004020158711405,113.6128645078765,18.403216126969124,128.87278714363322
61.84007505837406,109.888240186797,17.472060046699248,129.05818071389075
58.20172948598622,98.24553435515587,14.561383588788972,117.28634738660908
86.44554117929556,188.62573177374585,37.156432943436464,193.1843981315532
78.38873933874959,162.84396588399866,30.710991470999666,168.36659272188066
89.4562821344338,198.26010283018815,39.56502570754704,198.3523938403796
64.5929761596857,118.69752371099425,19.674380927748558,135.92121346041776
69.30419882179571,133.7734362297463,23.44335905743657,144.03537598124691
64.69688112307767,119.03001959384855,19.757504898462134,131.8580543426367
66.0883954559354,123.48286545899326,20.870716364748315,140.09346286451
59.70780222327821,103.06496711449024,15.766241778622561,120.7778827896948
65.93272610179365,122.98472352573971,20.746180881434924,135.09703294475392
76.02648985290921,155.28476752930948,28.82119188232737,161.60431924812863
74.26055192195285,149.63376615024913,27.408441537562286,159.87241707278298
67.28291336224648,127.30532275918871,21.826330689797178,142.1553384023146
60.48422632543296,105.54952424138546,16.387381060346364,126.03701256146972
78.49046560136325,163.1694899243624,30.792372481090602,170.16357310114947
72.78944088203684,144.9262108225179,26.23155270562948,151.36658583674426
68.94635534781342,132.62833711300294,23.157084278250736,147.48012312931186
64.66539638571054,118.92926843427372,19.73231710856843,135.77882578239422
64.21779468088438,117.49694297883002,19.3742357447075,136.79299121187194
54.62737515600874,86.80760049922799,11.701900124807,109.78492482652356
51.80035897546482,77.76114872148743,9.44028718037186,103.67862510434273
55.99516566528514,91.18453012891243,12.796132532228107,112.42844271448489
77.94757545650755,161.43224146082412,30.358060365206033,171.83368003843805
68.57044428377314,131.42542170807405,22.856355427018514,147.61406591089633
75.54836268336973,153.75476058678316,28.43869014669579,160.2465116158633
69.15380456233115,133.29217459945966,23.32304364986491,145.36303678417704
71.50522264546383,140.81671246548427,25.204178116371068,152.64235203902024
74.24815093618629,149.59408299579613,27.398520748949032,157.82634198766266
77.6467012870841,160.46944411866912,30.117361029667283,171.74658190234982
53.851968721961,84.3262999102752,11.0815749775688,108.04845537867128
56.200101690828745,91.84032541065201,12.960081352662995,113.87122013297986
54.68130967960429,86.98019097473373,11.74504774368343,113.20598604084309
74.94950277986109,151.8384088955555,27.95960222388887,159.0473632500723
66.10702185494411,123.5424699358212,20.885617483955297,138.95203604527768
60.64254485464837,106.05614353487476,16.514035883718687,126.98816215989618
70.30222474087864,136.96711917081166,24.241779792702914,148.8848425561804
69.68134829217193,134.98031453495014,23.74507863373753,148.6728122754043
74.6463126359081,150.8682004349059,27.717050108726482,157.5945975838045
83.64127305644594,179.65207378062692,34.91301844515673,183.3205326775891
65.56445814418046,121.80626606137749,20.45156651534437,137.7563520766114
60.122434122025744,104.39178919048237,16.097947297620596,122.08202652005846
69.70811026595663,135.0659528510612,23.766488212765303,147.9477929288229
77.41271394055781,159.72068460978497,29.93017115244624,168.11630510656968
69.57044710335306,134.62543073072982,23.656357682682447,146.32867820719855
59.79751070893708,103.35203426859866,15.838008567149663,123.06242647551142
62.21793791890608,111.09740134049945,17.77435033512486,126.07567681596424
76.76332332776241,157.64263464883967,29.41065866220993,170.5471866235663
70.87928151753741,138.81370085611968,24.703425214029924,146.77340798680856
72.5142951319182,144.04574442213826,26.011436105534553,153.9243230063674
74.61097331426976,150.75511460566318,27.68877865141581,158.83149850896118
70.34228348087922,137.09530713881352,24.273826784703378,144.98282221382627
61.47621365876161,108.72388370803706,17.18097092700927,125.49365286966282
68.96466047294842,132.68691351343494,23.171728378358736,142.2634358884206
67.64682318299778,128.4698341855929,22.117458546398225,142.26727103498874
62.92019709790794,113.34463071330538,18.336157678326344,131.8715344798166
59.304022230163326,101.77287113652261,15.443217784130654,122.25368679408962
74.33866098509506,149.8837151523042,27.47092878807605,160.85605445340695
63.551730128507344,115.36553641122349,18.841384102805872,134.5810800355209
56.0794566622112,91.45426131907585,12.863565329768964,116.92177238336613
69.38586615220143,134.0347716870445,23.50869292176113,144.0904638144587
65.64725164731037,122.07120527139318,20.517801317848296,141.92337203842223
66.41887215741008,124.54039090371228,21.135097725928066,139.11143736795316
65.5919043477364,121.89409391275646,20.47352347818911,132.6428585154295
65.65557131578291,122.09782821050527,20.52445705262632,136.8734296396255
57.01310013237314,94.44192042359406,13.610480105898507,114.55325158939837
72.8787374697572,145.2119599032231,26.30298997580577,156.21337223711637
69.49191847817964,134.3741391301748,23.593534782543696,145.60742364529673
63.981556174138525,116.74097975724324,19.185244939310813,136.34979172665786
50.8912289894929,74.85193276637727,8.71298319159432,98.10730398662754
74.56713866869501,150.61484373982404,27.653710934956013,163.62182511091783
69.4769586211955,134.32626758782555,23.581566896956392,151.6218300840035
57.47829684185497,95.93054989393595,13.982637473483988,117.03348731564674
70.13205797074414,136.4225855063813,24.105646376595317,143.3284055633094
64.45302105066642,118.24966736213257,19.562416840533146,134.6687371682057
62.70342083436135,112.65094666995633,18.162736667489078,128.16943990571343
65.84135768273585,122.69234458475472,20.67308614618868,136.92096836450318
52.17569717207336,78.96223095063479,9.740557737658696,94.67954807451392
57.151969847397105,94.88630351167076,13.721575877917688,117.43223425370293
50.9247825352748,74.95930411287934,8.739826028219836,100.94372036216524
57.81815371189313,97.01809187805806,14.254522969514511,119.35304991994286
71.12078608566772,139.58651547413666,24.896628868534172,151.4771713425531
52.08490400363141,78.67169281162052,9.667923202905131,103.300331664818
66.77982972847491,125.69545513111973,21.423863782779925,134.73006882877456
69.4220999068967,134.15071970206944,23.53767992551736,148.5300910527929
70.74700891137164,138.39042851638922,24.597607129097305,151.5352506741386
73.30002645445866,146.56008465426763,26.64002116356691,163.0967272134329
73.6766565210314,147.76530086730048,26.941325216825124,156.73931388496834
52.43722207121394,79.7991106278846,9.949777656971149,106.76805151726104
69.48084278136703,134.33869690037443,23.584674225093607,146.01118178109053
61.14151374790734,107.65284399330345,16.913210998325866,117.79037266480655
66.67917470206213,125.3733590465988,21.3433397616497,136.75065641779418
63.573602179849026,115.43552697551685,18.858881743879216,137.7296220149574
73.23415996953361,146.34931190250757,26.587327975626888,157.950245105627
53.64577440612773,83.66647809960871,10.91661952490218,105.05539642374671
43.363397511020736,50.762872035266355,2.6907180088165865,82.17547805777667
57.87132149571124,97.188228786276,14.297057196568995,116.98283917782732
59.98575840398037,103.9544268927372,15.988606723184295,118.67317922802783
69.67178095880286,134.9496990681691,23.737424767042278,148.45645956524072
77.5960839549075,160.307468655704,30.076867163925996,169.49450519840616
66.62370205225173,125.19584656720555,21.298961641801387,144.99142517499553
60.31560383837051,105.00993228278558,16.2524830706964,122.80193303012173
55.44525243657121,89.42480779702781,12.356201949256954,114.44622985027722
72.88204986884543,145.22255958030541,26.30563989507635,157.7260691763005
65.33632323841043,121.07623436291344,20.26905859072836,139.2483554334807
62.452453322597286,111.8478506323113,17.96196265807783,126.57785814388586
65.65678959459676,122.10172670270964,20.52543167567741,139.80887258023893
61.249626804519,107.99880577446085,16.99970144361521,123.78235976470758
67.58460012332115,128.27072039462772,22.067680098656922,141.89745693553084
48.86863105504345,68.37961937613905,7.094904844034763,94.69498532550749
72.18132165858114,142.9802293074596,25.745057326864917,151.33162263740206
65.09054686175494,120.2897499576158,20.07243748940395,135.20642685148113
61.275995729823244,108.08318633543436,17.02079658385859,129.39684480881556
75.02124751631067,152.06799205219409,28.01699801304853,165.37280617665638
59.878674305591716,103.6117577778935,15.902939444473374,127.37276080513702
73.62387572576544,147.5964023224494,26.89910058061234,159.1967461814818
54.1260929797604,85.20349753523328,11.300874383808319,108.42749365098284
65.24647881013959,120.7887321924467,20.197183048111675,134.91539304095585
65.08347613278724,120.26712362491921,20.066780906229802,136.0003389628423
63.93031767270898,116.57701655266872,19.144254138167177,135.38187109681033
70.24551375617149,136.78564401974876,24.19641100493719,148.79757410389675
65.73040604603727,122.33729934731927,20.584324836829826,139.97689644053577
62.83106457928396,113.05940665370865,18.264851663427166,128.8658232855928
60.617089052935206,105.9746849693927,16.493671242348174,126.71439222697127
67.81904717916677,129.02095097333364,22.255237743333417,145.00021597833833
63.820415399225425,116.22532927752137,19.056332319380342,129.75605414879337
63.15071765723878,114.08229650316409,18.520574125791022,130.80228943891657
67.45849509616119,127.86718430771576,21.966796076928944,141.56134832280682
85.53473362885092,185.71114761232292,36.42778690308074,186.2642900959892
79.95276265980709,167.84884051138272,31.962210127845683,175.5819245836441
57.23271311494655,95.14468196782896,13.78617049195724,109.56577426161535
87.01230261047303,190.4393683535137,37.60984208837842,192.12007922959697
49.280154206237896,69.69649345996126,7.424123364990317,98.80922134379287
76.59051109860887,157.0896355155484,29.27240887888709,170.70761463004743
73.99337513317425,148.7788004261576,27.194700106539397,158.79272645234298
70.26896389315728,136.86068445810326,24.21517111452582,148.11166572157308
68.70112647342964,131.84360471497484,22.960901178743715,146.74599031614713
67.58154365720866,128.2609397030677,22.065234925766926,145.0067348714301
62.31169897869822,111.39743673183426,17.849359182958565,130.9012653440559
61.0790620090211,107.45299842886752,16.86324960721688,125.98389974487728
64.30354845087409,117.77135504279707,19.442838760699264,129.6801164095184
71.25568753120382,140.0182000998522,25.00455002496305,152.45763481031432
72.06078308437478,142.59450586999927,25.648626467499813,149.75428087044662
54.5788883867294,86.65244283753407,11.663110709383517,108.19118485216713
60.551649967661845,105.76527989651791,16.441319974129474,128.31224743856714
61.58891751002199,109.08453603207035,17.27113400801759,125.02890690309287
46.897094643224115,62.070702858317155,5.517675714579291,94.16229355808592
84.46590048043763,182.2908815374004,35.5727203843501,186.58703849087783
64.08651586231309,117.0768507594019,19.26921268985048,135.52026746969722
68.17781199156659,130.16899837301304,22.54224959325326,142.93071901775033
52.31305931527932,79.40178980889381,9.850447452223454,99.76526879416477
54.98248860371051,87.94396353187365,11.985990882968409,112.65672259835216
63.926798381993954,116.56575482238064,19.14143870559516,134.8336518747399
68.96653812721253,132.69292200708009,23.173230501770025,147.25366483496674
69.3035651147479,133.77140836719326,23.44285209179832,148.1018201727635
57.655077607620605,96.49624834438593,14.12406208609648,118.82738185226357
63.764160991632316,116.0453151732234,19.011328793305854,130.90469326666678
68.28565359188569,130.51409149403423,22.628522873508555,146.49449532547544
72.25046408607687,143.201485075446,25.8003712688615,155.46015741444631
62.43752686460828,111.80008596674651,17.950021491686627,128.85988000542295
65.28294999155403,120.90543997297287,20.22635999324322,131.58697376088077
60.29708563949464,104.95067404638284,16.237668511595707,120.52920670874472
69.10876279597795,133.14804094712946,23.287010236782365,143.99481932134375
75.66258492466787,154.12027175893718,28.530067939734298,162.88660800526637
68.84978051712928,132.31929765481368,23.079824413703413,147.28302854408076
75.4375484623673,153.4001550795753,28.35003876989383,156.16532499195367
64.64120477339995,118.85185527487984,19.712963818719963,137.04420941970034
58.85793159254579,100.34538109614651,15.086345274036635,120.26707647887095
77.68157162495288,160.58102919984918,30.145257299962303,165.60789881748028
56.06675961673936,91.41363077356596,12.853407693391487,112.76862895226122
51.00340200763721,75.21088642443911,8.802721606109776,98.15544700895731
57.3646404913106,95.56684957219393,13.891712393048476,117.29821911219022
73.71895423826714,147.9006535624548,26.975163390613705,156.03649546623504
63.25290206491171,114.40928660771748,18.602321651929373,129.29124078930045
60.42727708433691,105.36728666987813,16.34182166746953,121.2313695162912
69.24639206700873,133.58845461442792,23.397113653606983,148.1448127233374
61.559575991489496,108.9906431727664,17.2476607931916,133.00451338892344
68.55954229345517,131.3905353390565,22.847633834764128,142.1164100302492
54.636345577793435,86.83630584893898,11.709076462234744,109.80274377991665
78.19903341196127,162.23690691827602,30.559226729569012,171.68780162078562
66.67382920249817,125.35625344799412,21.33906336199853,142.3550643484028
57.962615890292795,97.48037084893691,14.370092712234232,115.9389302556314
59.65377530518384,102.89208097658829,15.723020244147072,123.56070033294908
69.5671917622539,134.6150136392125,23.653753409803123,148.98410083820994
56.9584411891705,94.26701180534559,13.566752951336401,112.9030252041789
68.52322861414709,131.27433156527064,22.818582891317664,143.43126973310638
74.58393789979505,150.66860127934416,27.66715031983604,161.11091500758596
69.16294123376285,133.3214119480411,23.33035298701027,147.44977262153594
68.79060616405835,132.1299397249867,23.03248493124668,142.01966669029414
58.37361324237311,98.79556237559395,14.698890593898492,116.67476002629394
54.32072710258393,85.82632672826857,11.456581682067144,105.21145054370106
74.79923107904139,151.35753945293243,27.839384863233107,159.02838362015382
51.92442684006926,78.15816588822166,9.53954147205541,103.55041159221419
63.545359279901334,115.34514969568424,18.836287423921057,128.48763107213128
73.69044192128183,147.80941414810184,26.952353537025452,159.23525504739843
71.09252199287647,139.49607037720466,24.874017594301172,149.05023506779443
70.22070809676956,136.7062659096626,24.176566477415648,149.55736416920922
81.933237366917,174.1863595741344,33.5465898935336,178.62051003125814
56.820964276231,93.82708568393915,13.456771420984795,115.38832565237284
66.00940289391835,123.2300892605387,20.80752231513468,137.92719610758832
65.878418663354,122.81093972273277,20.7027349306832,133.47584441805458
68.89411209062158,132.46115868998905,23.11528967249727,149.0212583056375
60.310965357258645,104.99508914322769,16.248772285806922,122.40048029608052
62.11842098712407,110.778947158797,17.694736789699252,128.25218450351758
52.732544972894004,80.74414391326081,10.186035978315203,101.19157183144053
77.9870492991452,161.55855775726468,30.389639439316174,166.57899107652568
59.08689308666029,101.07805787731293,15.269514469328232,122.14364876288765
73.70555249825597,147.8577679944191,26.96444199860477,161.02051891683882
58.879063017112095,100.41300165475869,15.10325041368967,121.29775683928509
64.8770730318089,119.6066337017885,19.901658425447124,139.655458208423
53.98866329751337,84.76372255204276,11.190930638010693,107.3047437881935
82.56337774225601,176.20280877521927,34.050702193804824,177.74783237978139
56.53016838719283,92.89653883901705,13.224134709754262,114.64827345755705
59.22986392095416,101.53556454705331,15.38389113676333,123.53185683090577
81.24376320686763,171.9800422619764,32.995010565494105,170.57440086596588
60.37693219429054,105.20618302172977,16.30154575543244,122.00707390583477
49.42502194898178,70.16007023674169,7.54001755918542,96.70043307560194
72.01028918647745,142.43292539672785,25.608231349181967,153.3527841861013
75.51708002358495,153.65465607547188,28.41366401886797,161.6236439202536
66.22305548571815,123.91377755429808,20.97844438857452,137.50290645936332
60.237853260884286,104.76113043482977,16.190282608707438,122.35192725414188
63.48476012187221,115.15123238999114,18.787808097497773,129.44618214448317
65.36269483640473,121.16062347649513,20.29015586912378,136.68910440186755
57.32754153485393,95.44813291153255,13.86203322788314,117.6477902415055
65.26636807841676,120.85237785093362,20.213094462733405,137.7705808954677
64.31778713681665,117.81691883781328,19.45422970945332,135.8616602999768
52.439130663963134,79.80521812468207,9.95130453117051,103.7965594136879
64.2242466663907,117.5175893324502,19.379397333112554,134.40009010206512
65.70422525264635,122.25352080846831,20.563380202117077,136.43566455417948
65.94007169310137,123.00822941792437,20.752057354481085,141.1694441671797
64.86065392420596,119.55409255745909,19.888523139364768,130.87013814260237
68.23464925548059,130.3508776175379,22.58771940438447,146.14482397248102
68.96703411306025,132.69450916179278,23.1736272904482,143.94002286860697
64.31718925903928,117.81500562892569,19.453751407231426,134.38238292079308
87.74218581410912,192.7749946051492,38.1937486512873,191.8730729904856
69.96513741608453,135.88843973147044,23.972109932867607,146.25371711092467
55.21362878970876,88.68361212706802,12.170903031767006,110.0023803037985
75.14386554452898,152.4603697424927,28.115092435623172,166.03399765973262
61.845591879354345,109.9058940139339,17.476473503483476,124.04954249351805
63.101240985953396,113.92397115505085,18.48099278876272,131.8156997542817
59.49457077713528,102.38262648683285,15.595656621708212,127.87517837395269
42.63944521812313,48.446224697994005,2.1115561744985034,79.8520288091585
63.92912233464683,116.57319147086984,19.14329786771746,133.3614424025703
72.06101938980736,142.59526204738353,25.64881551184588,155.9912722036959
74.35201474561822,149.9264471859783,27.48161179649457,157.0209205509342
69.07387048244415,133.03638554382127,23.25909638595532,143.57565192129312
61.88257289599046,110.02423326716948,17.506058316792373,132.8419204282215
62.94492239727047,113.42375167126549,18.355937917816373,130.44833897384268
67.87404731066218,129.19695139411894,22.299237848529735,143.08579301034354
54.62594236349175,86.80301556317362,11.700753890793404,112.1058256487652
59.640354660423235,102.84913491335432,15.71228372833858,125.91501151441109
58.837514743685226,100.2800471797927,15.07001179494818,121.29052172918254
74.35699251053448,149.9423760337103,27.485594008427586,157.89950859327175
75.70583031919739,154.2586570214317,28.564664255357922,163.9141655181437
66.09992161803181,123.5197491777018,20.87993729442545,141.9332140590805
72.74381657815799,144.78021305010554,26.19505326252638,158.09104338045753
62.79471932099772,112.94310182719272,18.235775456798184,131.9231813720163
68.12551580957509,130.00165059064028,22.500412647660074,144.98623851796458
72.10523425105367,142.73674960337175,25.684187400842934,154.92935703861832
50.52352755379591,73.6752881721469,8.418822043036728,102.21040308837736
61.945667107366226,110.22613474357195,17.556533685892987,128.25351996851305
61.648901287149314,109.27648411887779,17.319121029719447,125.5921324559647
65.79915992331061,122.55731175459394,20.63932793864849,134.4321196633137
41.822311741148795,45.83139757167612,1.4578493929190293,82.05925340148613
55.10022132547144,88.32070824150858,12.08017706037715,116.34249682952827
72.43629318813564,143.796138202034,25.949034550508504,156.79856895458528
63.255207396341845,114.41666366829392,18.60416591707348,127.0315713939228
64.52626867814482,118.4840597700634,19.621014942515853,131.9262966343077
58.5889552920325,99.48465693450399,14.871164233626,119.0398440895112
66.44695675333567,124.63026161067415,21.15756540266855,140.93414421515013
80.42958804309127,169.37468173789205,32.34367043447301,169.70665138301496
74.50898042462009,150.4287373587843,27.607184339696087,159.3331612313006
48.19516220592436,66.22451905895795,6.556129764739486,89.47514802433712
83.55698330441206,179.38234657411854,34.845586643529636,183.18051906829112
68.13411197079246,130.02915830653592,22.507289576633983,143.00141135706778
68.05650757954757,129.78082425455224,22.445206063638057,146.17324526493945
52.36125315703394,79.55601010250862,9.889002525627154,98.11507773971695
66.26746107910077,124.05587545312248,21.01396886328062,142.23055761750064
50.361501025910215,73.15680328291268,8.289200820728169,99.64033700129988
65.38966148494539,121.24691675182524,20.31172918795631,137.58266264771407
61.83566201818057,109.87411845817785,17.468529614544455,126.08577432664083
61.3317697233253,108.26166311464092,17.06541577866023,127.54873124698692
70.07094485401836,136.22702353285877,24.05675588321469,144.4067564602031
63.50013626327285,115.20043604247309,18.800109010618264,129.59028872953522
72.02513982161145,142.4804474291567,25.62011185728917,152.31559602571053
75.53322666600944,153.70632533123018,28.42658133280755,162.35311478020358
69.72100555791704,135.10721778533448,23.776804446333625,149.54212244551536
72.4358623103967,143.79475939326943,25.94868984831736,156.20080989668017
73.12986884475919,146.0155803032294,26.503895075807343,157.68795303057306
57.620604192057435,96.38593341458383,14.096483353645956,115.4295258629118
70.7905245101665,138.52967843253282,24.632419608133212,154.85935991387726
67.3005423208746,127.36173542679876,21.84043385669969,144.8118999378367
77.67054629564889,160.54574814607642,30.13643703651911,170.04771386608928
61.962290286408034,110.27932891650568,17.569832229126426,128.30325402424648
68.64584189954489,131.66669407854366,22.916673519635907,146.35979875643392
71.87845967638894,142.01107096444457,25.502767741111146,151.68511690642774
58.420854061270525,98.94673299606563,14.736683249016412,122.43981508868087
84.86590859728149,183.57090751130082,35.89272687782519,187.0707835131721
59.29650550312184,101.74881760998986,15.437204402497466,123.94087136403887
58.92880221544229,100.5721670894153,15.143041772353827,124.31131212041186
60.25300091986697,104.80960294357432,16.20240073589358,124.34676360195186
59.84306916818115,103.4978213381797,15.874455334544926,118.27840560971744
57.4670727690907,95.89463286109024,13.973658215272556,114.43834340462759
70.77382129275496,138.4762281368159,24.61905703420397,150.3204300879473
76.38725310990166,156.4392099516853,29.10980248792133,164.4356442707259
72.13026731878568,142.81685542011417,25.70421385502855,151.69060213516863
62.34812536530471,111.51400116897508,17.878500292243768,131.90633104305806
72.74084876022759,144.7707160327283,26.192679008182072,153.45702082010553
71.52375832967506,140.87602665496019,25.21900666374005,151.57671258902099
66.13899233710531,123.64477547873696,20.91119386968424,138.1246940862823
60.69180440767186,106.21377410454996,16.55344352613749,124.65393266221615
46.808880154708774,61.78841649506806,5.447104123767015,92.09757908679049
66.87736151656539,126.00755685300922,21.501889213252305,141.76604620704296
67.79676601528335,128.94965124890672,22.237412812226676,145.38190396223519
54.00504375622814,84.81614001993005,11.204035004982511,113.11209605423329
68.98003418392261,132.73610938855234,23.184027347138077,144.872635265243
50.003940885371684,72.0126108331894,8.00315270829735,104.01210902876656
65.61241051811065,121.95971365795404,20.489928414488517,136.34906935327564
76.83089384554698,157.85886030575034,29.46471507643759,170.74277422494904
74.30014673003926,149.76046953612567,27.440117384031424,156.56169650477796
73.577609370365,147.448349985168,26.862087496292,154.95504272052838
79.43608400179623,166.19546880574794,31.54886720143698,173.114136101655
65.59830614090829,121.9145796509066,20.478644912726647,137.07838433606113
61.0905844306869,107.48987017819807,16.872467544549515,128.62281345862726
55.60001555227399,89.92004976727677,12.480012441819193,111.50761179849778
66.02547483891814,123.28151948453808,20.82037987113452,137.73944172622163
67.04758965374464,126.5522868919828,21.6380717229957,142.27151026739142
66.56769080737055,125.01661058358576,21.254152645896443,137.48687232860442
62.89912217758655,113.27719096827695,18.31929774206924,133.02161849500177
72.88983805396255,145.2474817726801,26.31187044317002,150.8722431242509
70.22370589112512,136.71585885160036,24.17896471290009,151.41836183106452
77.22521543472905,159.120689391133,29.78017234778325,168.91526337757014
60.74504167604151,106.38413336333285,16.596033340833213,128.9529245585716
75.2606709339387,152.8341469886039,28.20853674715097,161.7858349746163
57.175640179842475,94.96204857549593,13.740512143873982,116.44056953502168
62.37514866572249,111.60047573031194,17.90011893257799,133.29553563799996
47.27501537969514,63.280049215024455,5.820012303756112,91.44244820771208
62.1039363561884,110.73259633980288,17.68314908495072,127.45813337341444
56.24944564217312,91.99822605495399,12.999556513738494,114.8749032849117
68.16284255909628,130.12109618910807,22.530274047277018,147.08378724794477
63.23858200459569,114.36346241470619,18.590865603676548,129.52226288326602
85.78330338072124,186.50657081830795,36.626642704576994,185.21888246914486
69.40047392621226,134.08151656387923,23.520379140969805,148.3768846655179
78.90678180903889,164.50170178892444,31.125425447231112,172.04739394510943
64.00802086282475,116.82566676103926,19.20641669025981,131.40964225745589
67.07811723288151,126.6499751452208,21.6624937863052,142.82335514082536
56.89869135318573,94.07581233019434,13.518953082548585,111.650480992638
62.33018748393522,111.45659994859274,17.864149987148185,134.9390508646012
67.569472829122,128.22231305319042,22.055578263297605,145.86773620269432
70.7247259351028,138.31912299232894,24.579780748082236,147.88372689221075
58.40823773160153,98.9063607411249,14.726590185281225,119.26811681714169
59.233061498830594,101.54579679625787,15.386449199064474,122.20418519071892
62.700560610779625,112.64179395449482,18.160448488623704,126.29025237816823
72.09128476739677,142.6921112556696,25.673027813917408,152.33502989331325
62.473478084582844,111.91512987066507,17.978782467666267,131.50107346532184
63.631850743498354,115.6219223791947,18.90548059479868,130.07163762546645
65.99226404608362,123.17524494746758,20.79381123686689,136.02883637010677
69.29034381732923,133.72910021545349,23.432275053863385,149.2344078427287
82.1646356532516,174.9268340904051,33.731708522601274,181.4821766719137
58.89206700132818,100.45461440425017,15.113653601062538,118.56304310070665
58.99796189039535,100.7934780492651,15.198369512316278,119.6418231328783
68.19341023567637,130.21891275416442,22.554728188541095,143.52450090755855
53.391490418900226,82.85276934048073,10.713192335120183,109.63097516401409
75.55317866989503,153.77017174366412,28.442542935916034,165.77669395662946
73.94543597358455,148.62539511547055,27.156348778867635,155.9645501558931
82.31938304291944,175.42202573734218,33.85550643433555,180.96658630487786
79.75027237217041,167.20087159094533,31.80021789773633,173.79239586837397
58.578695867045404,99.45182677454528,14.862956693636324,115.28894664965436
67.74922938912923,128.7975340452135,22.199383511303378,142.08307761630175
78.01345006282735,161.64304020104748,30.410760050261874,167.55199006468274
62.58053794506876,112.25772142422001,18.064430356055006,134.73930399955935
70.14319241569997,136.45821573023986,24.114553932559968,149.77370075080387
65.1144347634698,120.36619124310336,20.09154781077584,135.29415918917832
71.49189206143002,140.77405459657606,25.193513649144016,153.01961195801326
52.17387799859014,78.95640959548848,9.739102398872118,100.62250802831907
71.24940823927945,139.99810636569418,24.99952659142355,151.83018263162478
67.06455431850588,126.60657381921881,21.651643454804702,139.41757987800378
53.55876792616333,83.38805736372264,10.84701434093066,106.75694142412624
52.739202570781146,80.76544822649967,10.191362056624918,106.02280643140676
81.04499065911808,171.34397010917792,32.83599252729448,170.90828630295647
75.10965987474475,152.3509115991832,28.08772789979579,162.81488405695973
66.40102838870821,124.48329084386627,21.12082271096657,138.94620376868986
80.84339095219076,170.69885104701038,32.674712761752595,180.55517898231417
63.050062291548436,113.760199332955,18.440049833238753,126.19900048375206
49.477567123747384,70.32821479599164,7.58205369899791,97.23573223651086
58.14798162747407,98.073541207917,14.51838530197925,119.92458766962365
67.90833705062983,129.30667856201543,22.32666964050386,144.49953012698987
71.79053907969022,141.72972505500869,25.432431263752168,150.47583424468831
57.10557108384685,94.73782746830987,13.68445686707747,116.71131960151712
68.40090009442608,130.88288030216344,22.720720075540857,144.354303370359
65.09891770073142,120.31653664234051,20.07913416058513,134.79489883663848
68.9173299923343,132.53545597546977,23.133863993867443,147.73958739974955
60.797242511582134,106.55117603706282,16.637794009265704,124.90734592216046
84.61297851942984,182.76153126217548,35.69038281554386,183.96228616199912
69.0329319945373,132.90538238251935,23.226345595629834,143.40929545068002
51.61000482790022,77.1520154492807,9.288003862320176,99.84358464333435
59.77825712210327,103.29042279073047,15.822605697682615,128.04806859284037
67.0441587687463,126.54130805998814,21.635327014997035,137.7031545624944
62.57756075478369,112.2481944153078,18.06204860382695,132.7263904273227
63.86076474124325,116.35444717197838,19.088611792994595,138.6468207974973
62.73768057251854,112.76057783205931,18.190144458014828,129.21432716280114
69.74425958472142,135.18163067110856,23.79540766777714,151.06787398930774
57.20429523568634,95.05374475419632,13.763436188549079,118.77458780750842
64.57124496715866,118.62798389490773,19.656995973726925,133.74896083255092
84.01548125194469,180.84954000622298,35.212385001555745,184.63865698465924
86.38506209289937,188.43219869727798,37.10804967431949,189.035111419291
63.63139410636986,115.62046114038351,18.90511528509588,130.77364822455152
71.20088721128877,139.84283907612405,24.960709769031013,150.3300740432947
62.48721321712439,111.95908229479805,17.989770573699513,129.75495303143276
69.87488390865256,135.5996285076882,23.89990712692205,148.23970726586762
